1,15,40,67,77,87,141,149,165,174,183,191,206,237,302,306,331,341,342,369,381,424,432,476,492,502,508,598,614,620,669,671,677,679,689,704,784,791,857,860,863,872,890,899,956,1001,1022,1035,1174,1200,1252,1272,1276,1290,1299,1324,1335,1371,1399,1402,1445,1514,1517,1534,1544,1601,1611,1631,1634,1638,1674,1689,1690,1709,1739,1761,1778,1832,1833,1862,1872,1878,1896,1933,1945,1958,1980,2024,2063,2066,2098,2105,2161,2335,2342,2358,2365,2414,2435,2459,2486,2594,2620,2673,2687,2713,2719,2720,2725,2772,2779,2787,2808,2824,2872,2879,2904,2939,2942,2960,2963,2982,2987,3047,3074,3087,3089,3126,3148,3153,3214,3242,3281,3294,3329,3447,3452,3478,3479,3512,3526,3597,3633,3647,3657,3679,3697,3720,3730,3761,3794,3802,3805,3809,3819,3826,3827,3849,3857,3872,3914,3923,3925,3936,3942,3979,4007,4009,4010,4016,4017,4031,4068,4082,4100,4106,4109,4129,4222,4239,4242,4244,4251,4252,4265,4266,4298,4390,4416,4420,4438,4463,4474,4514,4517,4548,4617,4630,4631,4644,4679,4682,4692,4718,4740,4771,4776,4816,4854,4909,4916,4933,4946,4975
2,2061,3829,1965,2767,3340,761,3708,2668,2354,1391,2711,1920,3170,1854,4185,234,4386,2266,1147,2998,1044,818,2849,2107
3,129,202,537,605,623,832,883,970,1077,1214,1349,1589,1844,1929,2002,2011,2735,3330,3389,3986,4327,4813
4,499,350,1063,4161,2884,2498,2171,2017
5,144,260,382,826,1251,1375,1658,2415,2568,2678,2775,3100,3108,3134,3257,3545,3557,4371,4391,4752,4781
6,1787,3988,1289,1356,3686,603,3585,511,547,225,3591,4132,1505,4541,1157,1768,3772,3094,2467,3592,3337,4257,816,453,2136,2995,4034,1215,513,4936,2785,742,3079,2369,228,801,943,3270,3417,2339,2070,2150,622,4841,3546,3677,2469,3618,2446,4632
7,114,475,862,1184,1302,2240,2721,2937,3854,4050,4073,4180
8,28,405,4269,1858,1721,2026,827,1758,4077,4643,4226,4351,4461,1317,4149,2793,1523,4855,4569,1244,399,3548,2514,500,3018,1170,60,73,2056,4304,2315,68,62,1250,105,4673,1939,599,2967
9,115,272,338,380,439,462,551,625,681,712,767,772,846,866,879,882,940,976,1081,1098,1109,1217,1267,1292,1424,1435,1451,1515,1526,1593,1799,1857,1883,1891,1901,1917,1938,1940,1949,2039,2053,2103,2188,2224,2226,2238,2334,2379,2444,2481,2520,2585,2591,2635,2651,2656,2684,2825,2861,2895,2908,2919,3042,3068,3169,3190,3209,3245,3296,3305,3421,3435,3460,3566,3639,3646,3672,3676,3678,3688,3693,3715,3787,3799,3831,3907,3947,3969,3973,4059,4084,4096,4103,4148,4165,4207,4232,4237,4285,4357,4365,4419,4466,4486,4510,4530,4542,4567,4633,4636,4674,4708,4734,4736,4767,4798,4804,4870,4881,4894,4904,4929,4966,4996
10,118,4845,3511,3427,1329,2390,2696,2366,4048,2703,3030,4561,33,123,1575,3411,2410,2046,4507,1179,3066,2430,3113,1421,4497,2945,2280,1034,449,4208,1957,1458,1400,1663
11,-
12,795,975,2901,2551,329,3366,3026,4278,1461,2385,3012,112,836,3103,2360,3943,2045,4063,4123,4642,3874,4659,2526,2445,1705,1977,163,294,3559,3052,1633,3260,2991,3233,4772,534,1465,1498,3700,275,4104
13,25,32,229,469,503,535,591,646,752,757,778,875,901,1054,1090,1133,1258,1293,1478,1483,1532,1646,1677,1735,2020,2062,2076,2156,2312,2501,2634,2672,2736,2747,2835,2976,3055,3197,3246,3363,3402,3549,3613,3798,3866,3940,3941,3945,3998,4024,4302,4345,4425,4457,4691
14,3009,482,1941,4328,4476,1332,717,1793,1806,207,2592,2282,2250,1429,618,3628,3581,4563,3710,2663,4912,1154,1735,2362,3015,591,3891,1431,4571,1339,901,3116,3372,1646,1401,4024,1208,3619,2050,2920,4374,919,395,3353,1880,3865,3190,4281
15,60,62,154,257,263,303,347,398,500,571,668,696,804,916,955,1244,1250,1274,1394,1469,1531,1542,1612,1671,1691,1741,1864,1919,1934,2134,2211,2329,2384,2397,2402,2496,2589,2667,2847,2873,2961,2967,2975,3163,3180,3229,3446,3523,3598,3663,3713,3780,3883,4051,4130,4158,4261,4294,4314,4449,4464,4593,4671,4855
16,734,2723,1781,4641,4496,2543,3011
17,23,34,248,258,580,584,664,670,709,959,1142,1183,1195,1450,1454,1557,1588,1826,1828,1881,1906,1908,2085,2092,2298,2388,2575,2629,2971,3032,3098,3307,3611,3615,3876,3922,3971,3977,4060,4274,4296,4340,4343,4346,4349,4353,4505,4523,4822,4935,4980,5000
18,3180,3713,4130,955,3229,4158,2402,263,1285,4294,2134,154,4671,696,1394,4449,398
19,1543,1881,2364,2815,2864,3098,3224,3307,4346,4935
20,2722,4533,3018,1536,2709,3202,3191,2793,4834,1523,4052,4643,2693,2056,4569
21,8,278,317,375,533,641,893,1065,1070,1126,1259,1307,1333,1345,1346,1426,1487,1632,1644,1667,2189,2243,2329,2472,2708,2753,2890,2962,3135,3226,3532,3656,3754,3842,3883,4081,4091,4101,4201,4396,4535,4553,4568,4593,4640,4917,4945
22,1996,1659,2289,4921,4014,823,1051,1072,525,4189,161,2350,4906,3352,1546,244,4033,2716,2038,1368,2135,4286,1033,1968,1550,1229,3390,1021,1073,2855,1594,2394,1745,4013,3648,555,3660,4595,1194,2191,4608,1166,4529,4120
23,57,490,619,857,1182,1402,1430,1538,1664,3126,3153,3275,3303,3377,3872,3914,4010,4242,4251,4342,4420,4816,4946,4992
24,1998,3211,2100,2956,4657,3400,1452,3825,4651,4952,3919,3861,2912,698,3647,4579,3867,3860,2433,861,1825,1782,1128
25,53,101,112,116,130,163,170,275,318,329,391,455,501,534,561,727,744,746,748,762,770,771,779,795,836,975,983,1037,1052,1069,1076,1095,1102,1173,1185,1187,1207,1266,1361,1390,1455,1461,1465,1498,1540,1560,1580,1693,1723,1801,1805,1820,1821,1829,1855,1867,1923,1977,2185,2207,2308,2310,2360,2372,2382,2385,2445,2503,2526,2551,2597,2742,2754,2774,2802,2805,2837,2901,2974,2989,3003,3012,3026,3057,3103,3111,3142,3171,3174,3196,3233,3248,3252,3277,3302,3323,3327,3348,3366,3373,3468,3559,3608,3655,3700,3767,3832,3863,3871,3874,3929,3943,3982,4063,4066,4136,4140,4171,4211,4278,4290,4293,4451,4471,4521,4555,4565,4598,4620,4649,4658,4680,4748,4765,4768,4772,4774,4797,4823,4849,4913,4979
26,2577,593,1400,1012,2945,3113,2009,425,2952,3030,721,193,693,2046,4323,675,2390,4208,4837,1329,3427,2737,953,224,4150,1924,3293,3228,2766
27,509,631,802,2327,2413,2522,2558,2913,4820
28,1603,2951,3106,3989,1605,184,1890,962,3140,4987,1009,3845,3934,528,3187,2419,3875,1653,2844,3587,4911,2899,1756,4475,199,3088,1675,2067,4838,3536,4204,2892,2494,4125,2148,2910,3000,177,113,3046,684,1597
29,896,1139,1466,2106,2141,2363,3041,3652,4179,4609,4663
30,1311,2544,4459,4475,1756,3621,3081,1653,3587,1518,4688,3434,199,2370,39,2509,1620,3845,4152,594,2899,3046,1597,4987,3502,3530,4469,3989,2396,1869,2148,2479,3536,3106
31,8,245,278,295,317,423,440,464,471,485,505,533,641,893,967,1027,1042,1065,1126,1259,1307,1333,1345,1487,1632,1667,2319,2671,2708,2817,2869,2962,3226,3320,3349,3532,3656,3743,3754,4078,4081,4198,4201,4396,4412,4509,4553,4896,4917,4945
32,2708,8,1487,3754,1333,278,533,317,4081,1307,3656,3532,1667,893
33,1784,3928
34,1291,4646,108,1759
35,53,391,501,561,727,770,779,1037,1069,1102,1173,1390,1821,1855,2503,2597,2742,2837,2989,3057,3171,3277,3302,3348,3373,3468,3767,4171,4290,4293,4521,4598,4620,4649,4680,4768,4797,4849
36,4978,473,1379,3442,284,1836,527,1404,986,4570,1240,4891,2010,2954,1343,1382,2631,1510,3474,1687,2012,4026,3393,218,3288,3053,637,210,1704,4518,4151,574
37,88,137,139,277,362,377,447,524,819,884,891,1030,1046,1050,1055,1083,1132,1168,1191,1212,1248,1564,1599,1607,1614,1695,1725,1792,1955,2005,2074,2151,2194,2203,2206,2214,2217,2265,2268,2288,2311,2521,2610,2777,2781,2834,3119,3192,3215,3297,3590,3763,3952,3959,3965,3978,3990,4054,4184,4210,4221,4305,4388,4458,4584,4611,4654,4710,4742,4942,4943
38,4497,2430,4507,697,2410,2280,2366,70,1421,3511,2616,1777,4048,4436,690,41,231,118,3662,2036,3021,1029,1458,3351,964,1575,1703,4626,3058,4492,4950,1625,1970,1921
39,644,984,1372,2254,2791,3161,3716,4172,4505,4618,4801
40,2516,3114,3588,2294,2893,1108,3922,868,4954,960,2971,189,741,3152,416,670,2031,219,4832,3971,4523,4786,1193,3661
41,12,92,213,255,611,777,813,894,1079,1201,1227,1393,1413,1415,1447,1553,1641,1879,1904,2069,2090,2140,2167,2181,2183,2307,2356,2395,2432,2452,2456,2466,2471,2483,2490,2726,3085,3206,3254,3276,3292,3319,3575,3577,3640,3749,3778,3916,3955,4083,4112,4135,4157,4188,4225,4315,4366,4501,4522,4552,4628,4664,4677,4750,4955,4959
42,579,1354,1481,4971,2023,4483,1639,4769,4352,4713,1112,3477,2512,512,3956,4126,1158,3056,124,812,1235,3166,4931,1710,4373,1110
43,39,184,199,364,528,962,1009,1521,1597,1603,1605,1620,1653,1756,1890,2148,2396,2419,2509,2544,2844,2899,2910,2951,3046,3088,3106,3140,3434,3587,3845,3875,3934,3989,4152,4212,4227,4358,4459,4469,4475,4819,4858,4987
44,4376,2552,2237,3828,2746,1618,3358,576,235,4994,1322,974,4003,4292,3376,1269,3738,232,3509,1058,2665,1771,253,428,173,387,1149,3789,1865,1800,1095,3002,2843,945,1456,2196,3078,4785,3063,557,4089
45,374,480,506,1179,1376,1556,1831,1887,1915,1921,1947,2248,2474,2727,2880,2907,3004,3058,3222,3231,3522,3699,4215,4338,4492,4707,4902
46,938,3683,3704,4320,4403,3791,3759,2321,1555,3505,2888,3364,555,2661,2191,488,1550,4286,4524,1033,1594,56,839,2751,4604,1164,4013,2418,3149,1229,4033,1493,1286,1913,1166,1713,1073,3383,1984
47,477,697,1029,2036,2143,2366,2430,3541,4443,4490,4497,4507
48,2753,2243,4091,1126,3226,3842,2962,3135,4095,918,1070,4535,4262,2108,928,4568,641,4081,1042,694,2790,4396,533
49,83,178,192,281,344,370,406,454,638,649,731,766,776,787,850,898,904,1161,1162,1188,1228,1279,1327,1406,1463,1499,1535,1559,1579,1652,1681,1700,1715,1774,1816,1841,1978,2037,2086,2145,2153,2154,2165,2172,2209,2257,2314,2324,2338,2352,2460,2464,2495,2534,2538,2567,2579,2583,2611,2614,2652,2821,2953,3225,3298,3335,3361,3449,3499,3673,3830,3859,3869,3938,4043,4127,4141,4164,4216,4249,4291,4430,4441,4606,4637,4880,4953,4972
50,2475,587,2677,3476,195,2047,1931,3488
51,23,35,72,495,550,869,1115,1146,1464,1474,1640,1752,1881,1893,1908,1990,2138,2254,2306,2374,2438,2574,2740,2986,2997,3307,3375,3521,3554,3586,3611,3788,3814,3876,3910,4027,4349,4353,4411,4505,4587,4627,4822,4831,4879,4935,4980,5000
52,4108,2235,200,1764,2948,2168,2536,2378,4960,4444,1711,211,2891
53,47,88,137,164,186,191,277,349,369,377,447,476,481,524,857,1046,1050,1132,1200,1212,1276,1402,1430,1445,1538,1564,1614,2005,2074,2206,2214,2262,2268,2311,2358,2365,2565,2777,2834,3153,3192,3345,3872,3923,3965,4031,4139,4242,4388,4458,4644,4654,4742,4799,4816,4942
54,220,2896,3571,4322
55,7,45,90,99,176,262,286,287,374,480,484,506,510,514,562,768,830,855,942,948,1010,1062,1243,1432,1439,1661,1696,1714,1720,1848,1887,1983,2055,2081,2126,2149,2293,2474,2504,2593,2596,2675,2681,2759,2845,2880,2907,3004,3151,3699,3760,3885,3889,3898,3961,4105,4338,4385,4437,4538,4545,4707,4758,4775,4790,4811,4815,4846
56,1603,528,3140,962,3187,2951,3106,1605,4911,2419,3989,4987,1890,184,1675,2067,3845,3934,1009,3875,4838,3088,177,947,4851,4503,3587,3000,1653,1623,1622,1130,3536,2844
57,58,145,758,848,878,932,966,1372,1405,1569,1668,1726,2088,2269,2513,2530,2581,2791,3069,3161,3503,3524,3574,3768,4128,4172,4647,4684,4842,4850,4967
58,2954,3288,637,1510,3053,4891,210,527,1836,1060,4151,986,2012,2631,3474,1240,3393,4978,3273,2010,1382,218,4572,311,840,473,1343,2748,3917,1379,4518,3304,1704,1287,3407,1404,284,50
59,3,44,82,139,200,211,220,315,326,349,564,790,819,884,914,931,934,1030,1043,1083,1084,1104,1136,1168,1191,1212,1239,1385,1599,1607,1614,1665,1695,1711,1733,1734,1764,1766,1792,1853,1955,2123,2151,2168,2194,2203,2217,2235,2258,2265,2288,2300,2332,2378,2521,2536,2610,2744,2777,2781,2860,2891,2896,2948,3061,3062,3072,3093,3110,3119,3120,3146,3239,3258,3297,3371,3431,3561,3571,3590,3763,3909,3918,3952,3978,3990,4054,4065,4090,4108,4138,4167,4184,4300,4307,4322,4350,4444,4447,4584,4611,4669,4770,4886,4901,4940,4951,4960
60,2050,1880,3619,1431,2018,4912,472,2857,2663,4563,1500,4281,2465,1208,1401,309,2560,2695,207,2057,1154,2920,919,1332,3865,2763
61,27,322,421,744,760,870,1082,1270,1352,1422,1455,1604,1936,2499,2547,2553,2562,2738,2833,2900,3084,3315,3401,3518,3555,3651,3766,3888,3890,3974,4042,4248,4256,4454,4861,4925,4964,4991
62,3864,2220,321,1814,3438,2297,1905,2602,2110,3489,4884,3344,2357,2004,107,3051,4387,3168,4137,2556,907,2801,4321,1959,2455,3182,4333,420,3469,3451,3544,558,2820,3160,403,135,215,4079,705,2060,2162,2022,4254
63,95,132,203,354,504,926,930,1043,1767,1769,2102,2182,2521,2877,3120,3590,3742,4481,4611,4669
64,1860,1866,1418,2752,2605,429,3980,3237,3658,1334,1895,2448,4863,2603,360,1428,11,1672,4830,2118,2537,2659,269,496,1770,4299,3563,2489,4965,217,343,3958,929,4558,3812,4395,2126,5004,1807
65,36,427,495,587,650,673,695,756,869,999,1015,1031,1171,1370,1502,1722,1727,1798,1875,1912,1931,2047,2306,2374,2438,2515,2702,2740,3020,3090,3172,3217,3476,3487,3758,3840,3899,4080,4107,4236,4764,4824,4843,4937
66,2217,2203,1248,1083,4741,1055,3215,4305,3952,4554,2151,4277,1614,2610,3978,1725,2781,3289,936,3192,2777,524,2265,4094,4221,1737,2005,1607,4458,4654,4012,2214,1050,891,2079,362,4556,819,4943,1695
67,26,140,310,314,1075,1271,1748,2336,2650,3035,3332,3433,4318,4319,4364,4532
68,321,3489,3864,2297,3168,3051,4884,2004,3438,2220,2602,2110,2357,3182,1814,1959
69,9,43,79,117,234,720,761,818,885,991,1044,1147,1320,1391,1590,1854,1884,1920,1927,1965,2035,2059,2061,2107,2266,2354,2492,2559,2668,2711,2732,2767,2788,2811,2827,2848,2849,2850,2998,3136,3170,3200,3230,3340,3342,3410,3584,3708,3829,3886,4053,4185,4312,4386,4560,4729,4869
70,4259,2539,3940,906,3945,2672,1446,1478,3363,2062,2835,1677,546,3246,3365,3603,4302,646,3197,4488,3613,1989,3402,1952,3422,1131,469,229,240,2076,4203,535,411,4241,450,3668,3494,2312,1532,25,2431,2156
71,97,249,296,300,305,402,465,604,685,746,748,1080,1097,1149,1156,1159,1187,1260,1266,1419,1718,1783,1801,1865,2112,2176,2184,2185,2187,2196,2204,2221,2222,2252,2264,2302,2351,2510,2609,2645,2669,2717,2770,2805,2832,2843,2894,2974,3031,3054,3104,3111,3142,3156,3322,3323,3327,3374,3385,3496,3531,3655,3684,3698,3789,3928,3929,3944,3957,3992,4036,4066,4136,4310,4409,4453,4460,4555,4565,4672,4711,4774,4795,4857,4913,4939
72,2566,2624,1366,3082,4856,2317,361,3077,1976,3856,2741,2405,3572,1261,1039,2595,4231,4962,4928,4085,378,324,4435,1226,2784,297,1297,4827
73,185,298,892,1410,1420,1626,2992,3095,3878,4744
74,3189,765,3985,1457,430,3680,1077,4178,2091,1985,832,4813,1824,1361,2506
75,876,1311,1518,1756,1769,1894,2177,2544,3081,4475,4481
76,1303,4175,2522,509,1249,1565,3892,615,241,2913,552,2014,656,4303,1093,1101,4970,3703,1892,4800,2327,3175,1346,375,2346,1426,1788,631,4640,4101,2790
77,57,109,119,148,169,181,196,226,393,438,490,498,531,540,578,619,677,793,794,849,857,998,1000,1094,1181,1182,1323,1326,1384,1402,1407,1411,1416,1430,1538,1664,1674,1743,1747,1812,1856,1933,1943,1967,2132,2171,2277,2345,2447,2507,2569,2756,2779,3126,3153,3177,3181,3199,3253,3275,3303,3377,3388,3424,3516,3657,3719,3802,3851,3872,3914,3942,3967,3987,4010,4217,4245,4251,4342,4420,4517,4540,4576,4624,4630,4634,4723,4773,4793,4816,4860,4866,4907,4908,4923,4946,4975,4992,5001
78,1564,4139,4742,4388,277,1132,2074,1911,3965,1212,349,1050,2214,4433,447,2268,2834,2005,3637,377,2701,4654,2082,3192,1046,2777,4942,4115,4458,934,1749,2311,3110
79,83,178,192,225,238,382,404,516,547,603,622,645,649,787,824,943,950,1068,1096,1110,1112,1157,1162,1228,1277,1289,1308,1318,1348,1351,1356,1375,1398,1505,1559,1657,1700,1715,1774,1787,1827,1978,2028,2136,2150,2154,2165,2172,2202,2247,2259,2369,2460,2495,2579,2614,2615,2628,2775,2785,2902,2911,2953,3036,3049,3108,3270,3298,3337,3378,3417,3449,3453,3499,3513,3546,3673,3677,3686,3723,3810,3848,3948,3988,4132,4164,4195,4354,4373,4462,4515,4541,4616,4862,4877,4936
80,3248,4361,3111,1187,3801,1095,468,4735,3101,428,3063,748,4765,4823,1771,173,2974,1076,746,4293,4292,1266,2458,1522,235,2989,2503,4453,2724,3509,2185,4136,3767,1173,2770,2837,576,727,2302,770,3323,232,2552,4620,253,2222,4785,1149,3443
81,4985
82,1499,2145,1327,4880,2086,1535,2037,2567,3859,2652,3869,3335,2495,1774,4291,1841,4127,1652,1161,2611,2953,2583,4953,1162,3361,1579,2338,406,898,1559,454,2172,904,2154,370,83,2375,2538,4216,1816,1688,2210,3938
83,35,36,427,495,673,695,756,869,1015,1171,1370,1502,1722,1727,1798,1875,1912,2131,2306,2438,2515,2740,3020,3090,3172,3217,3328,3436,3487,3554,3758,3840,3899,4027,4107,4236,4392,4519,4764,4843,4937,5008
84,1566,2642,3167,1506,4760,2590,1186,2486,230,653,1078,1022,1666,2720,860,4133,2015,4244,3809,2528,784,67,3440,2660,993,3819,208,4255,4771
85,12,28,60,62,105,154,250,257,263,289,303,347,398,399,405,470,500,571,668,687,696,753,777,804,805,813,827,874,916,955,1201,1244,1250,1274,1285,1297,1305,1317,1319,1338,1373,1394,1444,1447,1469,1523,1531,1533,1542,1563,1612,1671,1691,1712,1721,1758,1776,1858,1864,1879,1904,1934,1987,2026,2134,2167,2181,2183,2228,2307,2315,2329,2384,2395,2397,2402,2452,2466,2471,2496,2514,2589,2636,2667,2707,2823,2847,2873,2961,2967,2975,3018,3163,3180,3229,3276,3319,3341,3446,3463,3523,3548,3575,3577,3594,3598,3606,3663,3713,3780,3879,3883,3955,3960,4051,4077,4112,4130,4149,4158,4177,4188,4226,4261,4269,4294,4314,4351,4414,4449,4461,4464,4501,4522,4593,4643,4664,4671,4727,4756,4787,4796,4826,4855,4955,4957
86,1026,3732,3414,2127
87,97,101,116,153,173,202,249,296,300,305,402,428,430,465,537,576,601,604,685,748,832,854,856,888,1077,1080,1095,1097,1103,1149,1156,1159,1177,1207,1225,1260,1269,1349,1361,1419,1457,1509,1581,1583,1618,1698,1718,1724,1765,1771,1784,1800,1801,1844,1865,2002,2011,2112,2130,2176,2184,2187,2196,2200,2204,2221,2222,2252,2264,2302,2351,2451,2510,2519,2609,2645,2669,2689,2717,2735,2743,2754,2770,2798,2805,2832,2843,2894,2928,3003,3031,3054,3104,3105,3156,3184,3322,3323,3327,3330,3358,3385,3389,3441,3486,3496,3500,3509,3517,3531,3655,3666,3667,3680,3684,3698,3779,3784,3789,3929,3944,3957,3968,3985,3986,3992,4036,4118,4136,4178,4211,4310,4409,4451,4453,4460,4672,4690,4711,4724,4774,4795,4813,4829,4913,4939
88,2295,2812,2572,4156,4784,3641,1655,3300
89,19,26,124,140,273,281,314,344,483,512,579,632,638,732,751,776,787,812,850,1064,1075,1096,1112,1135,1158,1163,1192,1218,1228,1235,1271,1279,1315,1354,1406,1463,1481,1552,1639,1681,1710,1748,1751,1870,2023,2119,2122,2153,2241,2292,2324,2336,2416,2464,2468,2473,2512,2731,2806,3035,3056,3071,3075,3117,3122,3138,3166,3203,3225,3332,3477,3537,3902,3912,3956,4037,4072,4126,4131,4160,4318,4319,4352,4364,4373,4400,4434,4441,4483,4532,4581,4606,4637,4648,4665,4670,4697,4713,4761,4769,4859,4915,4927,4931,4971
90,1368,4529,1021,2855,1194,1968,1344,3837,4120,3553,1716,4189,3660,3091,3915,3317,4549,2350,446,1592,979,84,71,525,1051,2716,4907,1310,4014
91,11,24,51,52,112,116,122,126,146,162,197,217,269,291,294,313,318,329,339,343,358,360,426,430,436,496,534,566,572,592,610,628,658,714,762,765,795,854,887,911,913,929,954,957,975,1018,1038,1086,1129,1143,1183,1207,1225,1254,1342,1361,1386,1396,1457,1461,1554,1572,1602,1619,1633,1662,1705,1738,1770,1809,1810,1824,1837,1840,1910,1973,1977,1979,1985,2041,2044,2045,2166,2179,2279,2305,2316,2320,2385,2400,2403,2443,2484,2506,2526,2551,2613,2627,2659,2674,2676,2685,2698,2752,2768,2858,2859,2901,2909,2925,2990,2991,3003,3026,3052,3103,3107,3159,3178,3189,3208,3233,3237,3256,3260,3280,3321,3366,3507,3559,3595,3664,3665,3680,3700,3702,3724,3725,3747,3777,3796,3815,3832,3833,3871,3874,3880,3897,3943,3958,3972,3980,3985,4006,4022,4045,4063,4088,4104,4123,4143,4178,4211,4250,4278,4299,4324,4335,4367,4368,4422,4451,4456,4470,4527,4577,4594,4642,4655,4658,4659,4733,4778,4788,4791,4830,4863,4932,5004,5005
92,4426,3235,4719,1160,2461,1578,4041,2867,3471,4696,4289,3099,401,4956,1802,4610
93,12,92,96,105,110,213,255,297,324,359,361,378,611,640,755,764,805,807,813,894,990,995,1039,1120,1123,1201,1226,1261,1297,1319,1338,1366,1373,1389,1393,1397,1415,1533,1553,1567,1586,1755,1879,1904,1969,1976,1987,2069,2090,2096,2167,2175,2181,2183,2219,2304,2315,2317,2371,2405,2432,2471,2483,2517,2518,2566,2595,2624,2636,2707,2726,2733,2741,2758,2784,2932,3077,3082,3083,3128,3164,3193,3210,3254,3285,3292,3319,3324,3341,3425,3426,3463,3484,3548,3569,3572,3575,3577,3606,3640,3650,3694,3774,3816,3856,3858,3879,3916,3932,3946,3955,4029,4083,4085,4112,4119,4135,4147,4177,4188,4214,4225,4231,4295,4315,4334,4360,4366,4414,4417,4435,4501,4502,4520,4628,4677,4727,4789,4827,4833,4856,4900,4922,4928,4955,4957,4962,4999
94,3148,1272,2342,183,424,1832,1945,1690,4252,1778,2734,206,3936,4239,3579,2824,4100,4771,331,502,2660,2658,67,2960,381,3447,1035,1234,2923,791,1517,3805,2922,4068,4255,2013,2720
95,140,146,197,313,572,610,621,929,1038,1127,1386,1578,1748,1809,1810,1837,1910,2336,2367,2650,2674,2852,2909,2925,3035,3406,3433,3689,3722,3724,3953,4110,4318,4368,4422,4456,4665,4778,4791,5005
96,859,1999,4284,2442,616,3109,458,987,715,2694,3729,2142,3769,1230,1846,556,1205,3644
97,11,33,45,99,118,123,124,193,217,224,262,269,343,360,374,425,429,449,480,484,496,562,593,629,675,693,713,721,732,751,810,812,816,855,953,964,1010,1012,1034,1135,1158,1169,1179,1192,1243,1315,1329,1334,1357,1396,1400,1418,1421,1428,1439,1458,1556,1575,1625,1627,1661,1663,1672,1714,1770,1807,1815,1831,1848,1860,1866,1887,1895,1915,1921,1924,1957,2009,2046,2055,2118,2126,2147,2149,2248,2280,2293,2339,2366,2390,2410,2416,2430,2448,2467,2474,2489,2537,2542,2576,2577,2578,2593,2603,2605,2639,2659,2675,2681,2696,2703,2727,2731,2737,2752,2766,2875,2880,2907,2945,2952,3030,3039,3058,3066,3075,3113,3125,3133,3166,3222,3228,3237,3293,3411,3427,3511,3522,3563,3658,3699,3722,3728,3755,3757,3760,3764,3812,3834,3961,3980,4048,4105,4150,4208,4257,4299,4323,4338,4385,4395,4437,4492,4497,4507,4531,4558,4561,4626,4758,4811,4830,4835,4837,4845,4846,4863,4902,4965,5004
98,2131,4519,1798,1727,3487,1912,4392,921,1502,1031,3436,999,1015,1925,673,3758,36,5008
99,42,292,713,806,933,1169,1334,1418,1428,1627,1672,1702,1807,1848,1860,1866,1895,2118,2147,2355,2448,2489,2537,2542,2576,2603,2605,2981,3482,3563,3601,3658,3764,4117,4395,4437,4558,4588,4615,4709,4872,4965
100,396,4759,3188,565,4885,4039,4676,1615,763,1587,3314,3416,2125,643,261,2973,4047,63,1948,2271,617,2625,4899,1206,3582,969,4076,327,4744,3617,298,1420,858,892,3095,1100,3165,2555,330,185,1889,4812,3158,1789,2992
101,87,149,174,206,237,331,381,492,502,598,614,620,671,704,791,863,890,1324,1335,1544,1601,1638,1862,1878,1980,2098,2161,2335,2414,2459,2620,2687,2713,2725,2808,2872,2879,2939,2942,2963,2987,3281,3329,3447,3452,3512,3679,3720,3794,3805,3826,3827,3925,3936,4016,4017,4068,4082,4109,4265,4266,4298,4438,4474,4514,4548,4631,4909,4916
102,4615,4117
103,60,62,68,73,105,106,154,245,257,263,278,303,347,398,410,440,500,691,696,804,893,903,916,955,1027,1065,1244,1250,1259,1274,1345,1394,1444,1469,1531,1542,1612,1636,1671,1691,1741,1758,1864,1934,1939,1963,1982,2189,2211,2319,2329,2384,2397,2402,2496,2514,2589,2636,2667,2671,2708,2847,2869,2873,2961,2967,2975,3163,3180,3229,3349,3523,3598,3606,3656,3663,3713,3754,3780,3883,4051,4077,4130,4158,4177,4192,4201,4226,4261,4294,4304,4314,4449,4464,4553,4593,4671,4855,4917,4945
104,4368,1038,610,1809,313,572,4422,2367,3406,1910,1810,2674,1127,3724,2650,2909,197,4456,2852,1748,3433,3722,4791,5005,2336,1396,3035,2925,3689,140,4318,1386,4299,2578,4665,913,217,929,4648,5004,4319,4778,1837,3953,3208,2768,2468,1254,4110,26
105,97,129,155,202,249,272,300,305,380,402,439,462,537,601,604,605,623,631,639,651,681,700,712,729,733,739,767,772,802,856,866,879,883,939,940,970,976,1080,1081,1093,1101,1105,1109,1159,1172,1177,1214,1217,1267,1278,1284,1292,1349,1350,1403,1451,1515,1526,1548,1568,1581,1583,1589,1593,1621,1698,1718,1736,1765,1775,1783,1784,1788,1797,1799,1844,1857,1883,1892,1929,1938,1940,1949,2002,2011,2039,2053,2058,2103,2112,2130,2176,2184,2187,2188,2200,2215,2221,2224,2226,2264,2327,2330,2346,2379,2413,2444,2451,2481,2510,2520,2558,2585,2591,2635,2651,2656,2669,2684,2717,2798,2825,2832,2871,2894,2908,2913,3045,3054,3068,3104,3105,3123,3184,3209,3236,3296,3322,3330,3374,3385,3441,3486,3496,3500,3531,3629,3646,3666,3672,3676,3684,3688,3698,3715,3779,3782,3787,3799,3831,3928,3931,3947,3957,3968,3973,3986,3992,4084,4096,4103,4118,4148,4165,4197,4232,4237,4285,4303,4310,4327,4357,4409,4419,4450,4460,4486,4510,4530,4542,4567,4573,4633,4636,4650,4672,4674,4690,4711,4724,4734,4767,4795,4798,4804,4820,4857,4881,4892,4894,4904,4929,4930,4939,4996
106,4453,2196,1149,1865,3509,2843,173,2302,2770,1771,4036,2252,1269,576,428,3358,1618,2204,3789,1095,235,2222,2645,1156,2552,748,4711,465,2237,4136,4292
107,26,205,259,310,314,356,383,401,519,526,621,658,659,660,828,980,981,1075,1127,1151,1160,1210,1271,1328,1527,1578,1649,1678,1802,1897,1956,1961,2115,2173,2245,2309,2326,2336,2367,2409,2461,2529,2619,2650,2712,2852,2867,3035,3099,3118,3235,3332,3433,3471,3510,3605,3671,3689,3711,3725,3745,3817,3953,4041,4058,4075,4110,4160,4289,4318,4326,4364,4400,4426,4468,4532,4610,4696,4719,4733,4956,5009
108,2449,2377,4493,320,1490,2617,4183,285,4566,4582,3017,4000,3547,4465,4926,4075,1956,2541,4446,798,828,2409,3817,658,3884,4062,1786,2309,3346,963,2348,3671,3960,4660,1979,1005,980,3725,871,592,2529,4045,910,1210
109,362,524,838,891,1132,1564,1725,1911,2074,2079,2268,2834,4139,4433,4458,4654,4742,4942,4943
110,4899,1948,643,261,4744,2125,3416,298,1420,892,1100,2271,2973,1206,2992
111,245,440,932,1259,1569,1726,2319,2530,2869,3069,3349,3656,3768,4128,4172,4432,4553,4842,4917
112,338,4466,2401,2601,3636,2178,2861,4929,4708,3715,3639,1938,740,1861,853,2690,866,733,2895
113,46,59,166,175,307,411,458,546,575,626,716,859,902,906,987,1025,1106,1131,1446,1513,1846,1952,1989,1993,1999,2001,2008,2142,2146,2160,2193,2296,2318,2411,2431,2442,2539,2799,2813,2863,2865,3044,3109,3255,3265,3365,3399,3422,3603,3701,3709,3727,3920,4015,4203,4235,4241,4259,4488,4504,4544,4726,4993
114,4240,912,4122,1460,2089,2588,2745,2368,2216,1570,3295,3387,2116,4803,711,595,2761,3824,544,2225,1363,2482,1288,2263,1190,1713,4747,54,2201,3383,1617,1238,549,2418,4410,2916,3839,1654,386,2205,3838,1986,486
115,11,24,42,51,197,217,262,269,291,313,329,343,358,360,429,496,566,572,610,628,713,795,810,887,900,913,929,948,957,975,1010,1038,1053,1127,1169,1183,1254,1334,1386,1396,1418,1428,1439,1627,1633,1663,1672,1696,1702,1705,1770,1807,1809,1810,1837,1848,1860,1866,1895,1910,1977,2045,2081,2118,2126,2147,2179,2305,2316,2367,2385,2400,2403,2448,2489,2537,2542,2551,2576,2578,2603,2605,2659,2674,2676,2681,2752,2768,2852,2858,2875,2901,2909,2925,2981,2991,3039,3052,3103,3107,3133,3208,3233,3237,3260,3280,3406,3482,3559,3563,3601,3658,3664,3689,3722,3724,3728,3755,3757,3764,3777,3796,3812,3815,3834,3874,3880,3943,3953,3958,3972,3980,4063,4104,4117,4123,4208,4250,4278,4299,4324,4335,4367,4368,4395,4422,4437,4456,4527,4558,4588,4615,4642,4659,4778,4791,4830,4835,4863,4872,4965,5004,5005
116,3580,158,2232,461,728,2157,4467,971,4155,1232,4428,3631,4882,2246,636,3029,3804,3379,1808,156,4179,2488,1779,120,4238,3913,706,3896,2839
117,16,61,129,155,241,301,312,317,346,375,423,464,471,505,509,533,552,563,596,605,615,623,631,641,656,676,694,700,729,739,802,803,871,883,918,928,967,970,1042,1057,1067,1070,1093,1101,1105,1126,1172,1214,1249,1284,1298,1303,1346,1374,1426,1433,1449,1565,1589,1591,1632,1644,1667,1775,1788,1797,1886,1892,2014,2042,2058,2108,2190,2212,2223,2243,2327,2330,2346,2413,2472,2522,2692,2704,2753,2790,2817,2890,2913,2962,3043,3050,3065,3135,3175,3226,3320,3333,3567,3682,3703,3752,3776,3782,3818,3842,3877,3892,3991,4049,4078,4081,4091,4095,4101,4121,4175,4197,4262,4272,4288,4303,4327,4381,4394,4396,4450,4509,4528,4535,4568,4640,4731,4800,4820,4892,4903,4970
118,125,3893,93,2934,236,4431,3408,3654,865,1899,1121,3775,4599,2407,1262,1942,389,1264,78,1468,845,1197,4092,2970,4807,1643,2718,2417,2392,1849,3380,2170
119,429,810,1860,1866,2118,3980,4872
120,4210,4611,2521,3119,3590,4591,3742,1695,4221,1769,819,2177,926,930,4054,1030,4481,1387,4669,3990,504,203,3978,2288,2610,3952,1043,2874,2265,4094,4305,4184,3120,2151
121,11,42,51,343,496,628,713,957,1770,2118,2316,2400,2403,2858,3107,3482,4335,4527,4830,4872
122,419,2083,2249,3130,1763,1946,4002,2889,1089,2427,4067,2323,1028,147,875,3301,4706,3649,2033,2634,1032,108,4347,2429,4720,4998,4701,431,1819,797,4686,4738,3798,3927,624,4613,3525,3976,1054,2399,4099,1293,4345,4705,757,3534,1291,3386
123,89,521,556,590,616,715,843,847,859,987,1165,1205,1503,1645,1830,1846,1902,1999,2142,2386,2411,2442,2694,2771,2813,2882,3109,3357,4015,4019,4284,4377,4997
124,1978,3298,1700,3449,1559,2172,192,4141,2579,1162,2314,2953,406,83,1774,2495,649,2154,1715,2257,1816,2460,1188,2902,4249,1351,4972,1535,2534,4880,3869,2352,178,1161,787,824,2037,4430,2821,3499,1228,3361
125,17,28,60,73,81,105,290,361,378,399,405,500,805,827,1039,1226,1244,1261,1297,1317,1319,1338,1366,1373,1492,1511,1523,1533,1670,1721,1746,1758,1858,1976,1987,2003,2026,2228,2315,2317,2405,2514,2518,2540,2566,2595,2624,2636,2741,2780,2793,2814,3018,3077,3082,3141,3250,3341,3463,3548,3572,3606,3856,3879,4077,4114,4149,4177,4226,4231,4269,4351,4414,4435,4461,4501,4502,4533,4569,4643,4673,4827,4855,4856,4888,4928,4957,4962
126,1771,173,428,3509,235,1095,576,4292,2552,3358,1269,4453,1149,1618
127,59,150,530,626,642,662,716,880,961,1106,1513,1692,1888,2160,2199,2296,2470,2523,2545,2799,2841,2863,2903,3006,3112,3124,3399,3709,3807,3878,3895,3949,4204,4427,4544,4557,4808,4865,4949
128,4299,217,1810,1396,5004,4422,929,610,313,2674,3237,1038,360,5005,3722,429,2578,2909,4368,1910,4791,3406,2752,269,2603,4835,3958
129,142,189,227,258,412,416,548,580,584,664,670,709,741,959,1108,1142,1195,1213,1224,1306,1448,1450,1454,1543,1826,1881,1906,1908,2031,2294,2298,2364,2575,2629,2815,2864,2893,2971,3005,3098,3114,3224,3307,3339,3367,3369,3491,3588,3611,3615,3624,3922,3971,3977,4018,4057,4060,4064,4274,4296,4340,4343,4346,4523,4786,4871,4897,4935
130,51,358,24,4527,343,496,4335,4830,2676,4250,11,1770,3107,2858,887,2118,3815,4104,2316,4872,2659,3880,3972,4863,4324,3958,269,3777,628,3980,713,3233,1334,42,957,3764,3874
131,33,41,70,75,118,228,231,593,627,675,690,697,701,724,750,801,816,829,842,953,964,1012,1019,1029,1215,1329,1400,1421,1423,1458,1485,1497,1539,1575,1625,1683,1703,1768,1777,1815,1922,1924,1970,1971,2036,2046,2048,2049,2128,2150,2197,2213,2273,2280,2339,2347,2366,2390,2410,2420,2430,2467,2493,2577,2616,2682,2696,2856,2945,3021,3030,3113,3337,3351,3419,3427,3511,3552,3612,3662,3770,3999,4048,4257,4341,4406,4413,4436,4443,4480,4490,4497,4507,4626,4714,4837,4845,4864,4920,4950,4990
132,743,3843,190,2653,3397,144,4550,2505,2415,1900,665,4781,3545,4578,3820,1528,3557,1898,3204,3257,2424,4371,4619,3744,2568,2776,2729,826,1007,937,3100,4752,1658,2381
133,22,25,32,127,147,229,240,299,387,395,469,503,535,591,618,646,717,752,757,778,797,875,897,901,906,945,1023,1054,1090,1133,1237,1258,1293,1429,1436,1446,1478,1483,1646,1677,1735,1763,1806,1941,1989,2020,2062,2076,2156,2250,2261,2301,2312,2323,2399,2427,2501,2539,2582,2634,2672,2736,2747,2835,2929,2976,3009,3015,3016,3055,3197,3218,3246,3301,3363,3372,3402,3404,3422,3535,3549,3581,3613,3628,3706,3710,3798,3866,3940,3941,3945,3998,4002,4024,4035,4067,4259,4302,4328,4345,4425,4457,4645,4681,4686,4691,4720,4998
134,1026,2446,2469,648,3732,3414,513,3079,452,678,742,3618,2127,4841,553,609,4725,4976,4034,3094,3808,3410,247,652,9,1494,3772,2070,3573,3592,2344,4560,4898
135,87,306,492,508,698,704,861,899,1371,1452,1534,1544,1634,1709,1782,1825,1833,1896,1980,1998,2100,2414,2433,2594,2787,2872,2879,2912,2942,2956,2982,3074,3087,3211,3281,3400,3452,3597,3647,3679,3761,3825,3827,3860,3861,3867,3919,3979,4009,4222,4266,4438,4474,4631,4651,4657,4810,4909,4952
136,2777,2203,1083,1614,1248,2005,2217,3192,1050,2214,3215,2151,2781,1607,3952,3978,2610,2265,4654,1055,524,4458,4305,3965,4741,4388,1599,1725,4554,884,4277
137,301,375,596,1214,1346,1426,1644,2042,2091,2212,2223,2472,3155,3567
138,3173,2331,418,4585,3847,4589,3627,4753,2236,4071,1600,2078,573,1347,4805,271,4702,903,1823,1963,1750,707,1353,1233,1111,408,1939,3966,1392,3862,3520,3115,4253,167,4592,68,1180,2786,2434,410,1,4304,599,73,1484,1330,1003,4187,536
139,107,108,127,135,147,173,201,232,235,242,253,299,321,387,403,419,428,431,468,545,557,558,576,624,692,752,757,778,797,808,833,875,897,907,945,974,1023,1028,1032,1054,1058,1061,1076,1089,1090,1095,1173,1269,1291,1293,1322,1369,1436,1441,1456,1476,1483,1496,1507,1522,1582,1618,1763,1771,1800,1814,1819,1905,1946,2020,2022,2032,2033,2083,2110,2162,2201,2220,2237,2249,2261,2297,2301,2323,2399,2427,2429,2458,2503,2552,2556,2564,2602,2634,2665,2689,2724,2736,2746,2801,2807,2820,2837,2889,2916,2955,2976,2989,3002,3016,3055,3063,3078,3101,3130,3160,3248,3301,3344,3358,3376,3386,3404,3438,3443,3451,3469,3470,3489,3497,3508,3509,3514,3517,3525,3534,3535,3544,3551,3600,3649,3706,3738,3798,3801,3828,3836,3864,3927,3976,4002,4003,4035,4067,4079,4089,4099,4137,4170,4292,4309,4321,4333,4345,4347,4361,4376,4387,4402,4457,4601,4613,4645,4646,4681,4686,4691,4701,4705,4706,4720,4735,4738,4747,4755,4765,4785,4884,4994,4998
140,3803,4407,4730,1877,789,4914,3354,3240,2571,852,3984,3823,445,3064,4370,686,1024,825,328,2380,216,3492,363,923,2618,800,4608,265,1699,460,3632,4853,4174,2394,187,1223,4020,759,703,3519,4603,1002,4693,3418,1416,4848,1624,2762
141,69,113,128,159,172,243,279,333,336,337,364,371,414,477,487,528,538,570,583,684,768,780,881,889,915,920,947,973,994,1009,1029,1153,1246,1295,1408,1423,1485,1488,1539,1603,1605,1635,1642,1656,1684,1703,1720,1790,1813,1838,1871,1890,1995,2019,2036,2048,2049,2051,2143,2148,2476,2494,2524,2682,2705,2730,2757,2804,2830,2844,2853,2892,2910,2951,2957,2966,2969,3000,3001,3014,3088,3132,3139,3187,3221,3227,3261,3271,3274,3278,3309,3326,3362,3395,3481,3541,3543,3599,3612,3687,3717,3792,3797,3852,3868,3875,3908,3934,3994,4004,4040,4046,4055,4125,4182,4212,4227,4341,4358,4406,4429,4443,4478,4490,4503,4513,4586,4622,4638,4675,4695,4703,4763,4815,4838,4858,4910,4941,4950,4963
142,2923,2734,3579,4239,1049
143,406,949,1162,1327,1499,1535,1655,1688,1774,2037,2086,2145,2210,2295,2495,2567,2572,2583,2626,2652,2812,2953,3641,3859,3869,4156,4291,4439,4784,4880
144,4674,4804,1526,2635,380,4798,1267,4237,4165,4285,4357,976,772,879,439,1799,4636,1593,3676,712,2039,2651,3831,2656,272,2053,3787,940,4084,4096,767,1109,2444,3688,4996,3973,2585,4870,3947,2520,1217,1857,4103,2224,846,1292,4966,2825
145,154,295,398,471,571,668,694,918,967,2817,3320,3446,3523,4198,4896
146,2104,2554,4889,2563,3448,3519,3023,4693,460,4056,1529,800,2229,4495,4370,4973,445,3741,817,3194,216,1231,4982,3984,2571,4301,1877,3930,4372,4603,4020,3740,1087,759,3823,3803,4876,1606,4848,4407,4379,852,679,2904,3697,3894
147,1444,4593
148,901,4024,503,32,25,2501,1735,591,2076,1646,3581,2747,3941,2250,646,2929,22,1258,3363,3372,1478,2062,4328,717,395,535
149,9,21,75,77,117,192,225,234,247,260,264,323,382,404,452,453,497,511,513,547,553,582,585,603,609,612,622,634,648,649,652,663,678,702,720,742,801,815,818,824,877,943,985,1026,1044,1118,1147,1157,1175,1188,1202,1215,1251,1277,1289,1304,1313,1320,1351,1356,1375,1380,1383,1391,1453,1475,1494,1504,1505,1520,1590,1657,1658,1679,1683,1787,1827,1839,1882,1927,1965,2021,2028,2059,2070,2077,2127,2128,2136,2139,2150,2165,2247,2257,2259,2273,2278,2285,2343,2344,2354,2369,2420,2426,2446,2460,2469,2492,2534,2559,2586,2598,2600,2628,2632,2643,2644,2678,2711,2739,2767,2775,2785,2809,2821,2827,2828,2829,2886,2902,2911,2949,2978,3038,3049,3079,3094,3100,3108,3134,3136,3170,3230,3238,3270,3306,3318,3334,3337,3340,3378,3382,3410,3414,3417,3453,3454,3499,3546,3573,3585,3591,3592,3607,3618,3638,3674,3677,3686,3723,3732,3744,3772,3808,3810,3887,3939,3962,3988,4053,4132,4164,4176,4249,4312,4329,4391,4506,4541,4559,4560,4590,4596,4600,4616,4668,4689,4699,4714,4725,4806,4818,4841,4898,4920,4924,4936,4972,4976,5010
150,546,1989,3603,411,1131,3365,4488,2539,4259,2142,2672,906,2865,1993,4235,987
151,276,602,1367,1650,1935,1966,2186,2267,2993,2996,3533,4746,4751
152,4641,734,3631,4179,4609,4882
153,82,200,211,220,560,931,1104,1239,1665,1711,1764,2168,2235,2240,2378,2437,2536,2607,2683,2721,2860,2891,2896,3007,3239,3571,4073,4108,4180,4181,4200,4311,4322,4444,4666,4770,4901,4940,4960
154,897
155,116,129,153,202,318,430,537,601,639,651,700,765,832,854,856,883,888,939,1077,1177,1207,1225,1278,1292,1349,1361,1403,1457,1509,1581,1621,1698,1765,1797,1844,1883,1929,1949,2002,2011,2130,2200,2215,2451,2481,2506,2735,2743,2754,2798,2871,2928,3003,3068,3105,3123,3184,3189,3209,3236,3330,3389,3441,3500,3629,3666,3667,3672,3680,3779,3784,3871,3931,3968,3985,3986,4118,4148,4178,4211,4450,4451,4542,4658,4690,4724,4813,4881,4904,4930
156,1455,744,3201,3555,1829,2499,2290,4981,4768,4574,4925,4979,455,4964
157,1603,1605,2951,3875
158,1311,1518,3081,3621,4688,2370,2544,4459,3530,4475,594,1756,3502,1869,3587,2479,1653,3434,1620,39,4152,1300
159,118,810,1329,2046,2366,2390,2410,2430,2875,3030,3039,3427,3511,3728,3755,3757,3834,4208,4497,4507,4835
160,4710,4943,3959,2121,891,362,1049,608,88,4124,2079,2206,1725,524,4458,4942,3345,838,137,141,2105,4654,3857,2960,4277,2834,1055,4554,2923,3215,4463,2365,2268,1299,4239
161,121,134,188,256,334,338,351,683,740,853,867,1562,1708,1861,1863,2178,2401,2601,2612,2690,2861,2895,3185,3287,3299,3456,3635,3636,3639,3678,3733,3737,4059,4193,4207,4313,4466,4708,4736,4757,4783
162,694,3320,4394,471,3877,918,1298,1057,4095,4049
163,66,625,657,977,978,1138,1253,1561,1673,1676,1780,1917,1932,2163,2238,2334,2349,2531,2587,2664,2918,3042,3067,3073,3129,3313,3380,3566,3616,3906,3907,4196,4264,4316,4687,4792,4874,4895
164,2014,615,1565,656,509,4381,4175,2522,1303,3892,3703,3043,2790,3818,1249,241,552,4535,3682,4528,4272,3175,4262,3333,61,4970,1070,2108,4640,3135,1093,2913,951,423,4800,1346,4101,4303
165,46,89,166,175,246,411,458,521,546,556,590,616,715,843,859,987,1025,1205,1230,1645,1846,1902,1918,1989,1993,1999,2001,2142,2146,2152,2386,2411,2442,2694,2771,2813,2868,2882,3044,3109,3162,3381,3701,3729,3769,3920,3975,4015,4019,4144,4235,4284,4504,4623,4653,4977
166,2405,378,4435,361,2595,2784,4085,2566,1039
167,23,35,36,58,72,133,145,160,189,195,252,427,495,550,584,587,644,650,664,673,695,699,709,741,756,837,869,921,959,966,984,999,1015,1031,1107,1108,1114,1115,1137,1146,1171,1245,1370,1372,1454,1464,1474,1502,1543,1557,1640,1722,1727,1752,1798,1826,1828,1875,1881,1893,1906,1908,1912,1931,1990,2031,2047,2138,2254,2269,2294,2306,2364,2374,2438,2475,2515,2516,2574,2575,2581,2629,2677,2702,2740,2778,2783,2791,2797,2815,2864,2893,2905,2943,2971,2979,2986,2997,3013,3020,3090,3098,3161,3172,3217,3224,3279,3307,3359,3375,3405,3436,3444,3476,3487,3488,3503,3521,3524,3554,3564,3586,3588,3611,3624,3659,3716,3734,3746,3758,3788,3814,3840,3841,3876,3899,3910,3964,3971,4027,4060,4080,4087,4107,4154,4172,4190,4230,4233,4236,4273,4274,4296,4340,4343,4346,4349,4353,4411,4473,4505,4519,4523,4587,4618,4627,4764,4786,4801,4802,4822,4824,4831,4843,4850,4879,4935,4937,4980,5000,5008
168,2968,2129,2549,3570,1817,2274,3179,1040,688,3024,4348,367,559,3873,1144,2080,2255,1325,3027,908,708,3900,3080,1843,922,4732,2208
169,41,231,690,1029,1423,1485,1703,1777,1922,1947,2036,2048,2213,2493,2682,3021,3351,4046,4341,4478,4950,4990
170,814,4074,4455,1525,3501,4779,1742,3010,2325,1014,4852,2477,873,4163,2425,1242,1189,417,3609,2599,3247,1651,997,2795,1425,29,1467,2,3392,3881,1571,3844,379,2714,4030,2124,1236,1122,4897,1574,4064,1213,3504,4905,3539,2144,567,4219
171,87,183,206,381,424,492,614,704,791,890,1234,1272,1544,1601,1690,1778,1832,1878,1945,1980,2013,2161,2342,2414,2658,2660,2713,2734,2808,2824,2872,2879,2942,3148,3281,3447,3452,3579,3679,3720,3805,3827,3936,4068,4082,4100,4109,4239,4252,4255,4266,4438,4474,4514,4548,4771,4909
172,4846,374,2593,480,2880,2474,1887,4338,3699,2907,286,4902,1432,855,1661,2149,2675,4385,2727,3004,484,2248,2293,3222,1915,510,2596,1714,1062,4707,3231,2639,1831,942,1556,4215,90,3522,287,2055,7,4758,506,4775,830,1921
173,8,245,278,303,440,464,533,641,691,1027,1259,1307,1444,1469,1487,1612,1632,1667,1671,1691,2211,2319,2329,2527,2671,2708,2869,2962,3226,3349,3656,3754,4081,4192,4432,4553,4593,4917
174,1636,1741,1982,1934,106,4261,2961,2786,410,916,2641,1750,1,3663,3966,4378,2397,1347,4051,4702,4464,4805,2589,2847,303
175,121,134,188,256,334,338,351,367,559,586,635,683,688,708,735,740,783,822,867,908,1016,1036,1040,1091,1098,1117,1144,1325,1337,1381,1545,1562,1708,1817,1861,1863,1928,2080,2129,2155,2178,2208,2255,2274,2353,2373,2401,2457,2502,2532,2549,2601,2612,2679,2690,2810,2861,2876,2968,3024,3027,3059,3127,3179,3185,3262,3284,3286,3287,3299,3311,3412,3456,3556,3570,3635,3636,3733,3739,3873,3900,3921,4191,4193,4218,4276,4313,4348,4466,4546,4612,4625,4708,4728,4732,4736,4780,4783,4839,4944
176,4406,477,3541,4963,1871,1539,2143,4490,3221,3612,570,4443,2049,1995,915,3908,4040
177,200,2235,2378,4108
178,4153,478,4116,1056,3783,4383,737,76,5006,3466,2640,1088,3811,655,1647,4534,5002,3753,1048,2769,3059,3423,3008,3269
179,5,31,52,126,162,168,285,471,581,592,658,694,871,910,918,928,967,1005,1018,1057,1067,1141,1196,1221,1298,1374,1412,1462,1490,1602,1616,1619,1852,1956,1979,2044,2054,2166,2190,2233,2409,2443,2484,2613,2685,2692,2698,2817,2859,3065,3320,3321,3595,3665,3725,3817,3842,3877,3884,3897,3950,3951,4022,4045,4049,4062,4095,4143,4394,4396,4412,4594,4655,4731,4733,4932
180,488,839,2418,2888,3505,1555,4604,3824,3383,56,2661,1713,1288,2321,4403,1986,4524
181,535,1258,2156,2929,3941
182,2215,1784,1949,1403,3928,3123,2451,856,4103,2481
183,345,493,864,981,1079,1151,1167,1227,1241,1283,1413,1415,1641,2140,2326,2356,2456,2619,2712,2726,3254,3292,3437,3707,3711,3745,3749,3778,3835,3916,4157,4225,4326,4366,4405,4552,4959,5009
184,3214,1878,2719,4740,1872,4129,669,15,302,3979,4514,956,4068,3047,4679,791,1534,3633,3479,4106,872,2872,3074,3679,3447,2808,3452,2435,2161,2333,4438,3761,40,2972,2414,1611,4082,1001,3827,1964,1399,809,381,3805,87,3819,316,1035,1778,4028
185,115,121,134,188,256,272,338,351,380,439,462,551,625,651,681,683,712,740,767,772,783,822,846,866,867,879,882,939,940,976,978,1081,1091,1098,1109,1138,1217,1267,1292,1337,1403,1424,1435,1515,1526,1548,1593,1676,1686,1708,1780,1783,1799,1842,1857,1861,1863,1883,1891,1917,1928,1938,1949,2039,2053,2103,2155,2163,2178,2188,2215,2224,2226,2230,2238,2334,2349,2401,2444,2481,2520,2585,2587,2591,2601,2612,2635,2651,2656,2684,2810,2825,2861,2895,2908,2919,3042,3045,3068,3123,3129,3169,3185,3245,3262,3287,3296,3305,3374,3421,3435,3456,3460,3566,3616,3629,3635,3636,3639,3646,3676,3678,3688,3693,3715,3733,3739,3787,3799,3831,3906,3907,3928,3947,3973,4059,4084,4096,4103,4148,4165,4166,4191,4193,4207,4232,4237,4264,4285,4313,4357,4365,4419,4442,4466,4486,4530,4542,4567,4625,4633,4636,4650,4674,4687,4708,4736,4767,4783,4792,4798,4804,4857,4870,4874,4881,4894,4904,4929,4966,4996
186,350,499
187,94,103,135,143,196,215,321,350,373,413,420,421,489,499,558,607,630,692,705,760,849,1061,1082,1099,1119,1219,1294,1296,1352,1359,1363,1422,1477,1551,1582,1583,1680,1740,1785,1814,1909,1959,1991,1992,2004,2016,2017,2022,2032,2060,2109,2110,2159,2169,2171,2220,2239,2283,2284,2297,2357,2455,2491,2498,2569,2602,2621,2638,2647,2699,2710,2738,2917,3051,3168,3182,3249,3259,3272,3388,3396,3403,3430,3465,3489,3514,3528,3551,3692,3751,3756,3821,3836,3864,3905,3974,4042,4161,4170,4254,4333,4511,4516,4543,4562,4602,4754,4782,4860,4866,4883,4884,4925,4985,5001
188,3511,2366,4497,1421,4507,2410,2430,118,4048,2280,697,70,3058,4845,4436,3427,4492,1329,1575,1458,2390,2616,231,1921,1831,1777,1556,1179,964,2696,3411,2703,690,41
189,26,102,140,273,310,314,356,383,493,526,659,660,1075,1160,1163,1271,1283,1328,1578,1649,1961,2119,2173,2245,2326,2461,2468,2712,2867,3099,3117,3118,3122,3138,3235,3332,3605,3711,3745,3902,4041,4072,4160,4289,4319,4326,4339,4364,4400,4426,4468,4532,4648,4670,4719,4761,4927,4934,4956
190,2217,1248,2203,3215,1083,1055,4741,4554,4277,4305,2151,1614
191,1787,3988
192,4247,4933,4692,1087,2772,1174,3740,4415,4718,1958,517,3294,4301,3194,3995,679,4390,4372,3741,4973,3894,432,4876,1231,689,1290,4056,4682,3697,342,817,3325,2229,4854,2904,3448,1529,3329,2963,1514,2024,1252,341,388,2563,3930,4617,3849,3730
193,12,60,62,92,105,255,257,263,347,696,777,805,813,827,894,955,1079,1167,1201,1227,1241,1244,1285,1319,1394,1413,1415,1447,1553,1641,1904,2069,2090,2134,2140,2167,2181,2183,2228,2307,2356,2384,2395,2402,2432,2452,2456,2466,2471,2483,2490,2514,2636,2726,2823,2873,2975,3085,3163,3180,3206,3229,3254,3276,3292,3319,3515,3548,3575,3577,3594,3598,3606,3640,3707,3713,3721,3749,3778,3780,3835,3879,3916,4112,4130,4149,4157,4158,4177,4188,4225,4315,4351,4366,4405,4414,4449,4501,4522,4552,4628,4664,4671,4677,4750,4826,4955,4957,4959
194,3218,2582,127,1237,223
195,1,60,62,68,73,105,106,154,167,214,257,263,271,289,303,347,353,398,408,410,418,500,536,571,573,599,668,687,691,696,707,777,804,805,827,903,916,955,1003,1170,1180,1199,1201,1222,1244,1250,1274,1285,1305,1319,1347,1353,1394,1444,1447,1469,1531,1542,1563,1600,1612,1636,1671,1691,1741,1750,1758,1834,1858,1864,1934,1939,1963,1982,2026,2078,2134,2167,2228,2236,2291,2331,2384,2397,2402,2434,2452,2463,2496,2514,2589,2636,2641,2667,2786,2823,2847,2873,2948,2961,2967,2975,3163,3173,3180,3229,3290,3548,3598,3606,3627,3645,3663,3713,3780,3847,3862,3879,3883,3966,4051,4071,4077,4130,4149,4158,4177,4188,4192,4226,4253,4261,4269,4294,4304,4314,4378,4414,4449,4464,4501,4522,4564,4585,4589,4592,4671,4698,4702,4753,4787,4796,4805,4855,4957
196,2218,3480,4280,3691,194,2170
197,84,109,119,148,169,181,187,196,226,350,393,438,446,498,499,531,540,619,794,849,998,1000,1181,1182,1204,1223,1268,1310,1323,1326,1344,1384,1407,1411,1416,1664,1699,1716,1743,1747,1812,1943,2132,2171,2277,2345,2447,2507,2569,2710,3091,3177,3181,3220,3253,3275,3303,3317,3377,3388,3424,3492,3516,3553,3719,3837,3851,3915,3967,3987,4120,4161,4209,4217,4245,4362,4529,4540,4549,4576,4624,4634,4723,4793,4860,4866,4907,4908,4923,5001
198,4308,3183,2999,3795,3097,3853,3060,20,4536,4306,422,1729,3370
199,3,13,44,53,114,122,170,200,211,220,315,326,355,455,475,560,564,633,744,769,790,806,862,914,933,983,1102,1125,1184,1185,1270,1302,1455,1471,1486,1540,1549,1560,1604,1665,1693,1711,1733,1734,1764,1805,1829,1853,1936,2123,2168,2207,2235,2240,2258,2378,2382,2437,2441,2536,2607,2627,2683,2721,2755,2802,2838,2860,2891,2900,2937,2958,3007,3061,3072,3174,3239,3277,3373,3462,3518,3576,3669,3747,3854,3918,3982,4050,4073,4108,4140,4180,4181,4200,4224,4311,4322,4416,4421,4444,4447,4471,4521,4666,4709,4768,4770,4861,4951,4960,4979
200,2473,1751,632,3537,3071,4037,4131,1218,3903,4434,1552,4629,10,3445,3954,4384,4581,1064,1279,541,1406,2324,19,850,638,1732
